row_id	field	category	before	after
test-00000-of-00003.parquet#2	reason_zh[0]	R1 语义反转(PPE)	左侧人员不得使用PPE。	左侧人员未使用个人防护装备（PPE，Personal Protective Equipment）。
test-00000-of-00003.parquet#11	reason_zh[0]	R2 硬帽→安全帽	左侧戴黑硬帽、穿白衬衫的工人未佩戴安全帽。	左侧戴黑安全帽、穿白衬衫的工人未佩戴安全帽。
test-00000-of-00003.parquet#37	reason_zh[0]	R2 硬帽→安全帽	左侧穿着棕色夹克的工人没有戴硬帽。	左侧穿着棕色夹克的工人没有戴安全帽。
test-00000-of-00003.parquet#44	reason_zh[0]	R2 硬帽→安全帽	右侧穿绿色夹克的工人没有戴硬帽。	右侧穿绿色夹克的工人没有戴安全帽。
test-00000-of-00003.parquet#73	caption_zh	R2 硬帽→安全帽	两人站在类似运河的结构的地方，他们正在检查一顶白色硬帽。	两人站在类似运河的结构的地方，他们正在检查一顶白色安全帽。
test-00000-of-00003.parquet#113	reason_zh[0]	R2 硬帽→安全帽	中间的工人没有戴硬帽，他还穿着短裤。	中间的工人没有戴安全帽，他还穿着短裤。
test-00000-of-00003.parquet#116	reason_zh[0]	R2 硬帽→安全帽	中间的工人没有戴硬帽。	中间的工人没有戴安全帽。
test-00000-of-00003.parquet#157	reason_zh[0]	R2 硬帽→安全帽	戴白色硬帽的工人在左侧，离挖掘机太近了。	戴白色安全帽的工人在左侧，离挖掘机太近了。
test-00000-of-00003.parquet#177	reason_zh[0]	R2 硬帽→安全帽	右侧戴着白色硬帽的工人佩戴着一条发带。	右侧戴着白色安全帽的工人佩戴着一条发带。
test-00000-of-00003.parquet#211	reason_zh[0]	R2 硬帽→安全帽	左侧穿着白色汗衫的工人没有戴硬帽。	左侧穿着白色汗衫的工人没有戴安全帽。
test-00000-of-00003.parquet#292	reason_zh[0]	R2 硬帽→安全帽	左侧穿灰色卫衣的工人没有戴硬帽。	左侧穿灰色卫衣的工人没有戴安全帽。
test-00000-of-00003.parquet#304	caption_zh	R3 缩写展开(SUV)	画面中央有一台挖掘机。挖掘机前方有三名工人，其中两人戴着安全帽。背景中有一些黑色管道和混凝土管道。画面左侧有两辆SUV，还能看到一辆自卸卡车。画面右侧有两台塔式起重机。	画面中央有一台挖掘机。挖掘机前方有三名工人，其中两人戴着安全帽。背景中有一些黑色管道和混凝土管道。画面左侧有两辆运动型多用途汽车（SUV，Sport Utility Vehicle），还能看到一辆自卸卡车。画面右侧有两台塔式起重机。
test-00000-of-00003.parquet#304	reason_zh[0]	R2 硬帽→安全帽	穿灰色卫衣的工人没有戴硬帽。	穿灰色卫衣的工人没有戴安全帽。
test-00000-of-00003.parquet#403	caption_zh	R3 缩写展开(SUV)	九人站在建筑工地前。一辆SUV停在人群后面。背景中可见四座塔吊以及六座在建建筑物。建筑物覆盖着绿色织物。	九人站在建筑工地前。一辆运动型多用途汽车（SUV，Sport Utility Vehicle）停在人群后面。背景中可见四座塔吊以及六座在建建筑物。建筑物覆盖着绿色织物。
test-00000-of-00003.parquet#403	reason_zh[0]	R3 缩写展开(SUV)	右侧的三人及SUV车附近的的两人都未佩戴安全帽。	右侧的三人及运动型多用途汽车（SUV，Sport Utility Vehicle）车附近的的两人都未佩戴安全帽。
test-00000-of-00003.parquet#403	reason_zh[1]	R3 缩写展开(SUV)	右侧的三人及SUV车附近的的两人都未佩戴安全帽。	右侧的三人及运动型多用途汽车（SUV，Sport Utility Vehicle）车附近的的两人都未佩戴安全帽。
test-00000-of-00003.parquet#426	reason_zh[0]	R2 硬帽→安全帽	左侧蹲着的人没有戴硬帽。	左侧蹲着的人没有戴安全帽。
test-00000-of-00003.parquet#434	reason_zh[0]	R2 硬帽→安全帽	右侧的人没有戴硬帽。	右侧的人没有戴安全帽。
test-00000-of-00003.parquet#439	reason_zh[0]	R2 硬帽→安全帽	中间那个人没戴硬帽，穿着短裤和夹脚鞋。	中间那个人没戴安全帽，穿着短裤和夹脚鞋。
test-00000-of-00003.parquet#460	reason_zh[0]	R2 硬帽→安全帽	左侧的人没有戴硬帽。	左侧的人没有戴安全帽。
test-00000-of-00003.parquet#466	reason_zh[0]	R2 硬帽→安全帽	工人在混凝土管堆后面，没有戴硬帽。	工人在混凝土管堆后面，没有戴安全帽。
test-00000-of-00003.parquet#487	caption_zh	R2 硬帽→安全帽	挖掘机位于一台带有极的构建设备件的前方。一名戴着白色硬帽的工人位于蓝色挖掘机前方。	挖掘机位于一台带有极的构建设备件的前方。一名戴着白色安全帽的工人位于蓝色挖掘机前方。
test-00000-of-00003.parquet#487	reason_zh[0]	R2 硬帽→安全帽	戴白色硬帽的工人离挖掘机太近，正处于盲区。	戴白色安全帽的工人离挖掘机太近，正处于盲区。
test-00000-of-00003.parquet#540	reason_zh[0]	R2 硬帽→安全帽	右侧的工人戴着一顶白色硬帽，穿着短裤。	右侧的工人戴着一顶白色安全帽，穿着短裤。
test-00000-of-00003.parquet#559	reason_zh[0]	R2 硬帽→安全帽	前景右侧的人没有戴硬帽。	前景右侧的人没有戴安全帽。
test-00000-of-00003.parquet#592	reason_zh[0]	R2 硬帽→安全帽	左侧的工人没有戴硬帽。	左侧的工人没有戴安全帽。
test-00000-of-00003.parquet#640	reason_zh[0]	R2同源 残留英文/错译	两名工人在Form沃克和另一名工人在厄尔顿路上，背景中均未佩戴安全帽。	两名工人在模板（formwork）上，另一名工人在背景中的土路上，均未佩戴安全帽。
test-00000-of-00003.parquet#640	reason_zh[1]	R2同源 残留英文/错译	两名工人在Form沃克和另一名工人在厄尔顿路上，背景中均未佩戴安全帽。	两名工人在模板（formwork）上，另一名工人在背景中的土路上，均未佩戴安全帽。
test-00000-of-00003.parquet#640	reason_zh[2]	R2同源 残留英文/错译	两名工人在Form沃克和另一名工人在厄尔顿路上，背景中均未佩戴安全帽。	两名工人在模板（formwork）上，另一名工人在背景中的土路上，均未佩戴安全帽。
test-00000-of-00003.parquet#640	reason_zh[3]	R2同源 残留英文/错译	两名工人在Form沃克和另一名工人在厄尔顿路上，背景中均未佩戴安全帽。	两名工人在模板（formwork）上，另一名工人在背景中的土路上，均未佩戴安全帽。
test-00000-of-00003.parquet#649	reason_zh[0]	R2 硬帽→安全帽	左侧蹲着的人没有戴硬帽。	左侧蹲着的人没有戴安全帽。
test-00000-of-00003.parquet#679	reason_zh[0]	R2 硬帽→安全帽	左侧穿着灰色卫衣的工人没有戴硬帽。	左侧穿着灰色卫衣的工人没有戴安全帽。
test-00000-of-00003.parquet#751	caption_zh	R3 缩写展开(SUV)	画面中央有五人以及一辆SUV。背景中有三座塔吊。	画面中央有五人以及一辆运动型多用途汽车（SUV，Sport Utility Vehicle）。背景中有三座塔吊。
test-00000-of-00003.parquet#751	reason_zh[0]	R3 缩写展开(SUV)	SUV车前排中间的一组工人未佩戴安全帽。	运动型多用途汽车（SUV，Sport Utility Vehicle）车前排中间的一组工人未佩戴安全帽。
test-00000-of-00003.parquet#760	reason_zh[0]	R2 硬帽→安全帽	背景中的人没有戴硬帽。	背景中的人没有戴安全帽。
test-00000-of-00003.parquet#819	reason_zh[0]	R2 硬帽→安全帽	背景中的人没有戴硬帽。	背景中的人没有戴安全帽。
test-00000-of-00003.parquet#851	reason_zh[0]	R2 硬帽→安全帽	左侧的人没有戴硬帽。	左侧的人没有戴安全帽。
test-00000-of-00003.parquet#883	reason_zh[0]	R2 硬帽→安全帽	图像中的一些工人要么戴着草帽，要么没戴硬帽。	图像中的一些工人要么戴着草帽，要么没戴安全帽。
test-00000-of-00003.parquet#933	reason_zh[0]	R2 硬帽→安全帽	下一个走向混凝土管堆的人没有戴硬帽。	下一个走向混凝土管堆的人没有戴安全帽。
test-00000-of-00003.parquet#961	reason_zh[0]	R2 硬帽→安全帽	左侧的工人没有戴硬帽，而是戴了一顶草帽。右侧工人的穿的裤子没有盖住他的脚踝。	左侧的工人没有戴安全帽，而是戴了一顶草帽。右侧工人的穿的裤子没有盖住他的脚踝。
test-00000-of-00003.parquet#970	reason_zh[0]	R2 硬帽→安全帽	左侧的工人没有戴硬帽。	左侧的工人没有戴安全帽。
test-00001-of-00003.parquet#1012	reason_zh[0]	R2 硬帽→安全帽	此人未戴硬帽。	此人未戴安全帽。
test-00001-of-00003.parquet#1088	reason_zh[0]	R2 硬帽→安全帽	左侧的工人没有戴硬帽。	左侧的工人没有戴安全帽。
test-00001-of-00003.parquet#1096	caption_zh	R2 硬帽→安全帽	装载机上装着一整斗的岩石。两名工人和一台挖掘机的在装载机的右侧。七名工人在装载机左侧。背景中有一名戴着红色硬帽的工人。	装载机上装着一整斗的岩石。两名工人和一台挖掘机的在装载机的右侧。七名工人在装载机左侧。背景中有一名戴着红色安全帽的工人。
test-00001-of-00003.parquet#1147	reason_zh[0]	R2 硬帽→安全帽	穿灰色卫衣的工人没有戴硬帽。	穿灰色卫衣的工人没有戴安全帽。
test-00001-of-00003.parquet#1166	reason_zh[0]	R2 硬帽→安全帽	右侧的人没有戴硬帽。	右侧的人没有戴安全帽。
test-00001-of-00003.parquet#1246	reason_zh[0]	R2 硬帽→安全帽	中间蹲着的的女工未戴硬帽。戴红色硬帽的女工穿着短裤。	中间蹲着的的女工未戴安全帽。戴红色安全帽的女工穿着短裤。
test-00001-of-00003.parquet#1282	reason_zh[0]	R2 硬帽→安全帽	左侧的人没有戴硬帽。	左侧的人没有戴安全帽。
test-00001-of-00003.parquet#1288	reason_zh[0]	R2 硬帽→安全帽	左侧SUV与绿色卡车之间的那个人没有戴硬帽。	左侧运动型多用途汽车（SUV，Sport Utility Vehicle）与绿色卡车之间的那个人没有戴安全帽。
test-00001-of-00003.parquet#1301	caption_zh	R2 硬帽→安全帽	三名戴白色安全帽的工人位于基坑下层。一名戴硬帽的工人正在操作一台架设在三脚架上的设备。基坑左侧有一堆金属管。坑边岸上还有另外两名工人。戴硬帽的工人站立着，而没戴硬帽的工人正蹲着。	三名戴白色安全帽的工人位于基坑下层。一名戴安全帽的工人正在操作一台架设在三脚架上的设备。基坑左侧有一堆金属管。坑边岸上还有另外两名工人。戴安全帽的工人站立着，而没戴安全帽的工人正蹲着。
test-00001-of-00003.parquet#1310	reason_zh[0]	R2 硬帽→安全帽	中间的工人没有戴硬帽。	中间的工人没有戴安全帽。
test-00001-of-00003.parquet#1355	reason_zh[0]	R2 硬帽→安全帽	左侧上方的那名工人没有戴硬帽。	左侧上方的那名工人没有戴安全帽。
test-00001-of-00003.parquet#1368	reason_zh[0]	R2 硬帽→安全帽	没有工人戴着硬帽。右边的工人戴着草帽穿着短裤。	没有工人戴着安全帽。右边的工人戴着草帽穿着短裤。
test-00001-of-00003.parquet#1368	reason_zh[1]	R2 硬帽→安全帽	没有工人戴着硬帽。右边的工人戴着草帽穿着短裤。	没有工人戴着安全帽。右边的工人戴着草帽穿着短裤。
test-00001-of-00003.parquet#1409	reason_zh[0]	R2 硬帽→安全帽	穿灰色卫衣的工人没有戴硬帽。	穿灰色卫衣的工人没有戴安全帽。
test-00001-of-00003.parquet#1481	reason_zh[0]	R2 硬帽→安全帽	工人戴着一顶草帽，但并非一顶硬帽。	工人戴着一顶草帽，但并非一顶安全帽。
test-00001-of-00003.parquet#1487	reason_zh[0]	R2 硬帽→安全帽	中间的工人没有戴硬帽。	中间的工人没有戴安全帽。
test-00001-of-00003.parquet#1496	reason_zh[0]	R2 硬帽→安全帽	左侧的工人没有戴硬帽。	左侧的工人没有戴安全帽。
test-00001-of-00003.parquet#1539	caption_zh	R3 缩写展开(SUV)	前景中有五个人，旁边停着一辆SUV。中间有一个人正在打电话。背景中有八台塔式起重机以及几栋正在施工的高楼。图像右侧有一堆尺寸木材。	前景中有五个人，旁边停着一辆运动型多用途汽车（SUV，Sport Utility Vehicle）。中间有一个人正在打电话。背景中有八台塔式起重机以及几栋正在施工的高楼。图像右侧有一堆尺寸木材。
test-00001-of-00003.parquet#1540	reason_zh[0]	R2 硬帽→安全帽	中间的工人没有戴硬帽。	中间的工人没有戴安全帽。
test-00001-of-00003.parquet#1604	reason_zh[0]	R2 硬帽→安全帽	右侧的人没有戴硬帽。	右侧的人没有戴安全帽。
test-00001-of-00003.parquet#1613	reason_zh[0]	R2 硬帽→安全帽	前景中的人没有戴硬帽。	前景中的人没有戴安全帽。
test-00001-of-00003.parquet#1625	caption_zh	R3 缩写展开(SUV)	图中有七名工人。地面上有两条金属栏杆，他们似乎正在进行进行一项实验。他们附近有一辆自卸卡车和一辆黑色SUV。	图中有七名工人。地面上有两条金属栏杆，他们似乎正在进行进行一项实验。他们附近有一辆自卸卡车和一辆黑色运动型多用途汽车（SUV，Sport Utility Vehicle）。
test-00001-of-00003.parquet#1625	reason_zh[0]	R2 硬帽→安全帽	中间蹲着的的女工未戴硬帽。戴红色硬帽的女工穿着短裤。	中间蹲着的的女工未戴安全帽。戴红色安全帽的女工穿着短裤。
test-00001-of-00003.parquet#1645	reason_zh[0]	R2 硬帽→安全帽	左侧的人没有戴硬帽。	左侧的人没有戴安全帽。
test-00001-of-00003.parquet#1694	caption_zh	R2 硬帽→安全帽	沥青摊铺路。左侧一名头戴草帽的工人正用沥青工具平整铺沥青。右侧一名头戴白色硬帽的工人正弯腰在地面上画着什么。沥青摊铺路现场共有六名工人。	沥青摊铺路。左侧一名头戴草帽的工人正用沥青工具平整铺沥青。右侧一名头戴白色安全帽的工人正弯腰在地面上画着什么。沥青摊铺路现场共有六名工人。
test-00001-of-00003.parquet#1694	reason_zh[0]	R2 硬帽→安全帽	左侧手持一根棍棒的人没有戴硬帽。	左侧手持一根棍棒的人没有戴安全帽。
test-00001-of-00003.parquet#1695	reason_zh[0]	R2 硬帽→安全帽	左侧骑车的人没有戴硬帽。	左侧骑车的人没有戴安全帽。
test-00001-of-00003.parquet#1704	reason_zh[0]	R2 硬帽→安全帽	前景中的黑衣人没有戴硬帽，而是穿着短裤。一些工人没有在左侧的嵌入物上戴硬帽。	前景中的黑衣人没有戴安全帽，而是穿着短裤。一些工人没有在左侧的嵌入物上戴安全帽。
test-00001-of-00003.parquet#1704	reason_zh[1]	R2 硬帽→安全帽	前景中的黑衣人没有戴硬帽，而是穿着短裤。一些工人没有在左侧的嵌入物上戴硬帽。	前景中的黑衣人没有戴安全帽，而是穿着短裤。一些工人没有在左侧的嵌入物上戴安全帽。
test-00001-of-00003.parquet#1710	reason_zh[0]	R2 硬帽→安全帽	右侧的人没有戴硬帽。	右侧的人没有戴安全帽。
test-00001-of-00003.parquet#1711	reason_zh[0]	R2 硬帽→安全帽	中间那个人没戴硬帽。	中间那个人没戴安全帽。
test-00001-of-00003.parquet#1744	reason_zh[0]	R2 硬帽→安全帽	左侧的工人没有戴硬帽。	左侧的工人没有戴安全帽。
test-00001-of-00003.parquet#1788	reason_zh[0]	R2 硬帽→安全帽	穿灰色卫衣的工人没有戴硬帽。	穿灰色卫衣的工人没有戴安全帽。
test-00001-of-00003.parquet#1846	reason_zh[0]	R2 硬帽→安全帽	此人未戴硬帽。	此人未戴安全帽。
test-00001-of-00003.parquet#1854	reason_zh[0]	R2 硬帽→安全帽	中间的工人没有戴硬帽。	中间的工人没有戴安全帽。
test-00001-of-00003.parquet#1911	caption_zh	R2 硬帽→安全帽	图中有两名挖掘机。左侧有一台三脚架。有两个人，其中一人戴着一顶白色硬帽，位于黄色挖掘机的前方。	图中有两名挖掘机。左侧有一台三脚架。有两个人，其中一人戴着一顶白色安全帽，位于黄色挖掘机的前方。
test-00001-of-00003.parquet#1939	reason_zh[0]	R2 硬帽→安全帽	左侧的工人没有戴硬帽。	左侧的工人没有戴安全帽。
test-00001-of-00003.parquet#1959	reason_zh[0]	R2 硬帽→安全帽	右侧的人没有戴硬帽。	右侧的人没有戴安全帽。
test-00002-of-00003.parquet#2012	reason_zh[0]	R2 硬帽→安全帽	左侧的人没有戴硬帽。	左侧的人没有戴安全帽。
test-00002-of-00003.parquet#2046	reason_zh[0]	R2 硬帽→安全帽	左侧的人没有戴硬帽。	左侧的人没有戴安全帽。
test-00002-of-00003.parquet#2063	reason_zh[0]	R2 硬帽→安全帽	中间那个人没戴硬帽。	中间那个人没戴安全帽。
test-00002-of-00003.parquet#2080	reason_zh[0]	R2 硬帽→安全帽	站在皮卡车左侧的人没有戴硬帽。	站在皮卡车左侧的人没有戴安全帽。
test-00002-of-00003.parquet#2094	caption_zh	R2 硬帽→安全帽	约十名工人聚集在一处覆土覆盖的建筑工地上。其中几人戴着各种颜色的如白色、红色或黄色的的硬帽。他们中有两人手持测量杆。他们周围停放着一些民用车辆。	约十名工人聚集在一处覆土覆盖的建筑工地上。其中几人戴着各种颜色的如白色、红色或黄色的的安全帽。他们中有两人手持测量杆。他们周围停放着一些民用车辆。
test-00002-of-00003.parquet#2139	reason_zh[0]	R2 硬帽→安全帽	绿衣工未戴左侧硬帽	绿衣工未戴左侧安全帽
test-00002-of-00003.parquet#2156	reason_zh[0]	R2 硬帽→安全帽	中间那个人没戴硬帽。	中间那个人没戴安全帽。
test-00002-of-00003.parquet#2158	reason_zh[0]	R2 硬帽→安全帽	左侧站在岩石上的人没有戴硬帽。	左侧站在岩石上的人没有戴安全帽。
test-00002-of-00003.parquet#2158	reason_zh[1]	R2 硬帽→安全帽	左侧站在岩石上的人没有戴硬帽。	左侧站在岩石上的人没有戴安全帽。
test-00002-of-00003.parquet#2162	reason_zh[0]	R2 硬帽→安全帽	右侧的人没有戴硬帽。	右侧的人没有戴安全帽。
test-00002-of-00003.parquet#2166	reason_zh[0]	R2 硬帽→安全帽	左侧的人没有戴硬帽。	左侧的人没有戴安全帽。
test-00002-of-00003.parquet#2179	reason_zh[0]	R2 硬帽→安全帽	左侧的人没有戴硬帽。	左侧的人没有戴安全帽。
test-00002-of-00003.parquet#2181	reason_zh[0]	R2 硬帽→安全帽	中间那个人没戴硬帽，穿着短裤和夹脚鞋。	中间那个人没戴安全帽，穿着短裤和夹脚鞋。
test-00002-of-00003.parquet#2190	reason_zh[0]	R2 硬帽→安全帽	挖掘机左侧的人没有戴硬帽。	挖掘机左侧的人没有戴安全帽。
test-00002-of-00003.parquet#2224	reason_zh[0]	R2 硬帽→安全帽	前方的人没有戴硬帽。	前方的人没有戴安全帽。
test-00002-of-00003.parquet#2335	reason_zh[0]	R2 硬帽→安全帽	右侧的人没有戴硬帽。	右侧的人没有戴安全帽。
test-00002-of-00003.parquet#2352	reason_zh[0]	R2 硬帽→安全帽	左侧穿灰色卫衣的人没有戴硬帽。	左侧穿灰色卫衣的人没有戴安全帽。
test-00002-of-00003.parquet#2384	reason_zh[0]	R2 硬帽→安全帽	戴白色硬帽子的工人位于中间，靠近中间的挖掘机，且正处于其盲区。	戴白色安全帽的工人位于中间，靠近中间的挖掘机，且正处于其盲区。
test-00002-of-00003.parquet#2424	reason_zh[0]	R2 硬帽→安全帽	穿灰色卫衣的工人没有戴硬帽。	穿灰色卫衣的工人没有戴安全帽。
test-00002-of-00003.parquet#2447	reason_zh[0]	R2 硬帽→安全帽	站在白色混装卡车顶部的的那个人没有戴硬帽。	站在白色混装卡车顶部的的那个人没有戴安全帽。
test-00002-of-00003.parquet#2462	reason_zh[0]	R2 硬帽→安全帽	左侧的人没有戴硬帽。	左侧的人没有戴安全帽。
test-00002-of-00003.parquet#2478	reason_zh[0]	R2 硬帽→安全帽	右侧的人没有戴硬帽。	右侧的人没有戴安全帽。
test-00002-of-00003.parquet#2500	caption_zh	R2 硬帽→安全帽	画面显示四个人站在一条土路上，左侧有一大堆土，右侧散落着碎屑，主要由碎砖和碎石组成。其中三个人背对镜头，其中一人戴着一顶白色硬帽。第四个人在左侧部分可见。在三人组中间的左侧有一大堆土。在背景中，有灌木丛和一条水渠平行于路径，远处还有电力线和工业结构。	画面显示四个人站在一条土路上，左侧有一大堆土，右侧散落着碎屑，主要由碎砖和碎石组成。其中三个人背对镜头，其中一人戴着一顶白色安全帽。第四个人在左侧部分可见。在三人组中间的左侧有一大堆土。在背景中，有灌木丛和一条水渠平行于路径，远处还有电力线和工业结构。
test-00002-of-00003.parquet#2519	reason_zh[0]	R2 硬帽→安全帽	右上方的人没有戴硬帽。	右上方的人没有戴安全帽。
test-00002-of-00003.parquet#2532	reason_zh[0]	R2 硬帽→安全帽	工人在沥青中间没有戴硬帽。	工人在沥青中间没有戴安全帽。
test-00002-of-00003.parquet#2540	reason_zh[0]	R2 硬帽→安全帽	右侧的人站在自卸卡车旁，没有戴硬帽。	右侧的人站在自卸卡车旁，没有戴安全帽。
test-00002-of-00003.parquet#2551	reason_zh[0]	R2 硬帽→安全帽	左侧穿蓝色衣服的人没有戴硬帽。	左侧穿蓝色衣服的人没有戴安全帽。
test-00002-of-00003.parquet#2581	reason_zh[0]	R2 硬帽→安全帽	背景中的人没有戴硬帽。	背景中的人没有戴安全帽。
test-00002-of-00003.parquet#2598	reason_zh[0]	R2 硬帽→安全帽	穿灰色卫衣的工人没有戴硬帽。	穿灰色卫衣的工人没有戴安全帽。
test-00002-of-00003.parquet#2619	reason_zh[0]	R2 硬帽→安全帽	没有工人戴硬帽。位于中间的工人没有正确穿着他的衬衫，而位于脚手架顶部的的那名工人穿着无袖衬衫。	没有工人戴安全帽。位于中间的工人没有正确穿着他的衬衫，而位于脚手架顶部的的那名工人穿着无袖衬衫。
test-00002-of-00003.parquet#2619	reason_zh[1]	R2 硬帽→安全帽	没有工人戴硬帽。位于中间的工人没有正确穿着他的衬衫，而位于脚手架顶部的的那名工人穿着无袖衬衫。	没有工人戴安全帽。位于中间的工人没有正确穿着他的衬衫，而位于脚手架顶部的的那名工人穿着无袖衬衫。
test-00002-of-00003.parquet#2619	reason_zh[2]	R2 硬帽→安全帽	没有工人戴硬帽。位于中间的工人没有正确穿着他的衬衫，而位于脚手架顶部的的那名工人穿着无袖衬衫。	没有工人戴安全帽。位于中间的工人没有正确穿着他的衬衫，而位于脚手架顶部的的那名工人穿着无袖衬衫。
test-00002-of-00003.parquet#2645	reason_zh[0]	R2 硬帽→安全帽	图中没有工人戴硬帽。	图中没有工人戴安全帽。
test-00002-of-00003.parquet#2670	reason_zh[0]	R2 硬帽→安全帽	前景右侧的人没有戴硬帽。	前景右侧的人没有戴安全帽。
test-00002-of-00003.parquet#2673	reason_zh[0]	R2 硬帽→安全帽	中间那个人没戴硬帽。	中间那个人没戴安全帽。
test-00002-of-00003.parquet#2683	reason_zh[0]	R2 硬帽→安全帽	工人戴着一顶草帽，但并非一顶硬帽。	工人戴着一顶草帽，但并非一顶安全帽。
test-00002-of-00003.parquet#2694	reason_zh[0]	R2 硬帽→安全帽	最右侧的人没有戴硬帽，穿着一件无袖衬衫。	最右侧的人没有戴安全帽，穿着一件无袖衬衫。
test-00002-of-00003.parquet#2704	reason_zh[0]	R2 硬帽→安全帽	图中没有工人戴着硬帽。	图中没有工人戴着安全帽。
test-00002-of-00003.parquet#2704	reason_zh[1]	R2 硬帽→安全帽	图中没有工人戴着硬帽。	图中没有工人戴着安全帽。
test-00002-of-00003.parquet#2704	reason_zh[2]	R2 硬帽→安全帽	图中没有工人戴着硬帽。	图中没有工人戴着安全帽。
test-00002-of-00003.parquet#2704	reason_zh[3]	R2 硬帽→安全帽	图中没有工人戴着硬帽。	图中没有工人戴着安全帽。
test-00002-of-00003.parquet#2704	reason_zh[4]	R2 硬帽→安全帽	图中没有工人戴着硬帽。	图中没有工人戴着安全帽。
test-00002-of-00003.parquet#2734	reason_zh[0]	R2 硬帽→安全帽	黑色SUV车前的人没有戴硬帽。	黑色运动型多用途汽车（SUV，Sport Utility Vehicle）车前的人没有戴安全帽。
test-00002-of-00003.parquet#2742	reason_zh[0]	R2同源 残留英文/错译	左侧的一名工人和右侧的两名为“hard hats”的工人均未佩戴安全帽。	左侧的一名工人和右侧坐着的两名工人均未佩戴安全帽。
test-00002-of-00003.parquet#2742	reason_zh[1]	R2同源 残留英文/错译	左侧的一名工人和右侧的两名为“hard hats”的工人均未佩戴安全帽。	左侧的一名工人和右侧坐着的两名工人均未佩戴安全帽。
test-00002-of-00003.parquet#2757	reason_zh[0]	R2 硬帽→安全帽	左侧的人站在楼梯前，没有戴硬帽。	左侧的人站在楼梯前，没有戴安全帽。
test-00002-of-00003.parquet#2787	reason_zh[0]	R2 硬帽→安全帽	左侧蹲着的人没有戴硬帽。	左侧蹲着的人没有戴安全帽。
test-00002-of-00003.parquet#2823	reason_zh[0]	R2 硬帽→安全帽	中间那个人没戴硬帽。	中间那个人没戴安全帽。
test-00002-of-00003.parquet#2847	reason_zh[0]	R2 硬帽→安全帽	右上角的那个人没戴硬帽。	右上角的那个人没戴安全帽。
test-00002-of-00003.parquet#2854	reason_zh[0]	R2 硬帽→安全帽	黑衣者未戴硬帽，而黄衫者穿着短裤。	黑衣者未戴安全帽，而黄衫者穿着短裤。
test-00002-of-00003.parquet#2903	reason_zh[0]	R2 硬帽→安全帽	左侧的工人没有戴硬帽。	左侧的工人没有戴安全帽。
test-00002-of-00003.parquet#2943	caption_zh	R2 硬帽→安全帽	图中有一个人戴着白色硬帽、条纹衬衫和手套子，似乎正在进行进行土试验。此人跪在地上，用锤子敲击一个绿色工具。前景中有一个红色工具箱，里面装着各种圆柱形金属物件和一些塑料袋。一根轴放在地上，紧挨着工具箱。地面是湿的，带着脚印和泥坑。	图中有一个人戴着白色安全帽、条纹衬衫和手套子，似乎正在进行进行土试验。此人跪在地上，用锤子敲击一个绿色工具。前景中有一个红色工具箱，里面装着各种圆柱形金属物件和一些塑料袋。一根轴放在地上，紧挨着工具箱。地面是湿的，带着脚印和泥坑。
train-00000-of-00007.parquet#3011	reason_zh[0]	R2 硬帽→安全帽	戴红硬帽的工人中间没有穿长裤。	戴红安全帽的工人中间没有穿长裤。
train-00000-of-00007.parquet#3026	reason_zh[0]	R2 硬帽→安全帽	中间的工人没有硬帽。	中间的工人没有安全帽。
train-00000-of-00007.parquet#3096	reason_zh[0]	R2 硬帽→安全帽	图中的人没有戴硬帽。	图中的人没有戴安全帽。
train-00000-of-00007.parquet#3118	reason_zh[0]	R2 硬帽→安全帽	图中没有工人戴着硬帽。	图中没有工人戴着安全帽。
train-00000-of-00007.parquet#3118	reason_zh[1]	R2 硬帽→安全帽	图中没有工人戴着硬帽。	图中没有工人戴着安全帽。
train-00000-of-00007.parquet#3118	reason_zh[2]	R2 硬帽→安全帽	图中没有工人戴着硬帽。	图中没有工人戴着安全帽。
train-00000-of-00007.parquet#3118	reason_zh[3]	R2 硬帽→安全帽	图中没有工人戴着硬帽。	图中没有工人戴着安全帽。
train-00000-of-00007.parquet#3123	reason_zh[0]	R2 硬帽→安全帽	前景左侧的人没有戴硬帽。	前景左侧的人没有戴安全帽。
train-00000-of-00007.parquet#3171	reason_zh[0]	R2 硬帽→安全帽	中间的工人没有硬帽。	中间的工人没有安全帽。
train-00000-of-00007.parquet#3178	reason_zh[0]	R2 硬帽→安全帽	左侧的工人没有戴硬帽。	左侧的工人没有戴安全帽。
train-00000-of-00007.parquet#3181	reason_zh[0]	R2 硬帽→安全帽	右侧的工人没有戴硬帽。	右侧的工人没有戴安全帽。
train-00000-of-00007.parquet#3187	reason_zh[0]	R2 硬帽→安全帽	左侧穿黄色衬衫的工人没有戴硬帽。	左侧穿黄色衬衫的工人没有戴安全帽。
train-00000-of-00007.parquet#3188	reason_zh[0]	R2 硬帽→安全帽	右侧的工人没有戴硬帽。	右侧的工人没有戴安全帽。
train-00000-of-00007.parquet#3188	reason_zh[1]	R2 硬帽→安全帽	右侧的工人没有戴硬帽。	右侧的工人没有戴安全帽。
train-00000-of-00007.parquet#3217	reason_zh[0]	R2 硬帽→安全帽	中间的工人没有戴硬帽。	中间的工人没有戴安全帽。
train-00000-of-00007.parquet#3285	reason_zh[0]	R2 硬帽→安全帽	中间那个人没戴硬帽。	中间那个人没戴安全帽。
train-00000-of-00007.parquet#3310	reason_zh[0]	R2 硬帽→安全帽	中间的工人没有戴硬帽。	中间的工人没有戴安全帽。
train-00000-of-00007.parquet#3398	caption_zh	R3 缩写展开(SUV)	一条土路通向施工区域，左侧有一堆土。三个人沿着这条路走向一辆白色SUV。中间有一台挖掘机，靠近砖墙，一名工人站在挖掘机的右侧。砖墙的右侧，可见一台蓝色挖掘机、两辆自卸卡车和一辆黑色皮卡卡车。	一条土路通向施工区域，左侧有一堆土。三个人沿着这条路走向一辆白色运动型多用途汽车（SUV，Sport Utility Vehicle）。中间有一台挖掘机，靠近砖墙，一名工人站在挖掘机的右侧。砖墙的右侧，可见一台蓝色挖掘机、两辆自卸卡车和一辆黑色皮卡卡车。
train-00000-of-00007.parquet#3527	reason_zh[0]	R2 硬帽→安全帽	左侧的工人戴着一顶白色硬帽，穿着短裤。	左侧的工人戴着一顶白色安全帽，穿着短裤。
train-00000-of-00007.parquet#3592	reason_zh[0]	R2 硬帽→安全帽	图中的人没有戴硬帽。	图中的人没有戴安全帽。
train-00000-of-00007.parquet#3613	reason_zh[0]	R2 硬帽→安全帽	中间穿绿色衬衫的工人没有戴硬帽。	中间穿绿色衬衫的工人没有戴安全帽。
train-00000-of-00007.parquet#3628	reason_zh[0]	R2 硬帽→安全帽	左侧的工人没有戴硬帽。	左侧的工人没有戴安全帽。
train-00000-of-00007.parquet#3727	reason_zh[0]	R2 硬帽→安全帽	右侧的工人没有戴硬帽。两名工人在夜间作业时均未穿着高能见度背心。	右侧的工人没有戴安全帽。两名工人在夜间作业时均未穿着高能见度背心。
train-00000-of-00007.parquet#3727	reason_zh[1]	R2 硬帽→安全帽	右侧的工人没有戴硬帽。两名工人在夜间作业时均未穿着高能见度背心。	右侧的工人没有戴安全帽。两名工人在夜间作业时均未穿着高能见度背心。
train-00000-of-00007.parquet#3806	reason_zh[0]	R2 硬帽→安全帽	右侧的人没有戴硬帽。	右侧的人没有戴安全帽。
train-00000-of-00007.parquet#3829	reason_zh[0]	R2 硬帽→安全帽	中间的工人没有戴硬帽。	中间的工人没有戴安全帽。
train-00000-of-00007.parquet#3834	reason_zh[0]	R2 硬帽→安全帽	戴白色硬帽的工人位于挖掘机的作业半径内的盲区。	戴白色安全帽的工人位于挖掘机的作业半径内的盲区。
train-00000-of-00007.parquet#3872	caption_zh	拼写/断词	图中展示了一台蓝色的挖掘机，其侧面印有“KOBEL CO”品牌标识，停放在一大片泥土地区，可见轮胎轨迹和泥土堆。一名工人位于挖掘机的左侧。背景中有一台红色挖掘机和一些建筑物。	图中展示了一台蓝色的挖掘机，其侧面印有“Kobelco”品牌标识，停放在一大片泥土地区，可见轮胎轨迹和泥土堆。一名工人位于挖掘机的左侧。背景中有一台红色挖掘机和一些建筑物。
train-00000-of-00007.parquet#3872	reason_zh[0]	R2 硬帽→安全帽	左侧的工人没有戴硬帽。	左侧的工人没有戴安全帽。
train-00000-of-00007.parquet#3875	reason_zh[0]	R2 硬帽→安全帽	中间的工人站在矮墙上，没有戴硬帽。	中间的工人站在矮墙上，没有戴安全帽。
train-00000-of-00007.parquet#3921	reason_zh[0]	R2 硬帽→安全帽	左侧的工人没有戴硬帽。	左侧的工人没有戴安全帽。
train-00000-of-00007.parquet#3931	reason_zh[0]	R2 硬帽→安全帽	左侧的工人没有戴硬帽。	左侧的工人没有戴安全帽。
train-00000-of-00007.parquet#3980	reason_zh[0]	R2 硬帽→安全帽	中间的工人没有戴硬帽，穿着短裤和拖鞋凉鞋。	中间的工人没有戴安全帽，穿着短裤和拖鞋凉鞋。
train-00001-of-00007.parquet#4056	reason_zh[0]	R2 硬帽→安全帽	左侧的工人没有戴硬帽。	左侧的工人没有戴安全帽。
train-00001-of-00007.parquet#4126	reason_zh[0]	R2 硬帽→安全帽	中间的工人没有硬帽。	中间的工人没有安全帽。
train-00001-of-00007.parquet#4148	reason_zh[0]	R2 硬帽→安全帽	左下方那名工人穿着一件迷彩夹克，没有戴一顶硬帽。	左下方那名工人穿着一件迷彩夹克，没有戴一顶安全帽。
train-00001-of-00007.parquet#4155	caption_zh	R3 缩写展开(SUV)	前景中，一台黄色挖掘机位于画面左侧，其臂向右伸展，铲斗位于地面之上。画面中央站着三个人；其中一人戴着白色安全帽，另一人戴着红色安全帽。最右侧第三人未佩戴任何安全帽。一辆黑色SUV停在最左侧。背景中展现出一处大型建筑工地，地势平坦，并有一栋细长长的、低层建筑。	前景中，一台黄色挖掘机位于画面左侧，其臂向右伸展，铲斗位于地面之上。画面中央站着三个人；其中一人戴着白色安全帽，另一人戴着红色安全帽。最右侧第三人未佩戴任何安全帽。一辆黑色运动型多用途汽车（SUV，Sport Utility Vehicle）停在最左侧。背景中展现出一处大型建筑工地，地势平坦，并有一栋细长长的、低层建筑。
train-00001-of-00007.parquet#4155	reason_zh[0]	R2 硬帽→安全帽	中间的工人没有戴硬帽。	中间的工人没有戴安全帽。
train-00001-of-00007.parquet#4170	reason_zh[0]	R2 硬帽→安全帽	左侧的人没有戴硬帽。	左侧的人没有戴安全帽。
train-00001-of-00007.parquet#4179	reason_zh[0]	R2 硬帽→安全帽	左侧的人没有戴硬帽。	左侧的人没有戴安全帽。
train-00001-of-00007.parquet#4186	caption_zh	R2 硬帽→安全帽	图像显示一大片泥地，上面有几堆土。一台黄色压路机正在压实图像中央部分的的地面。在左边，有两个穿着高能见度背心的的工人。在前景的左边，有一个没有戴硬帽的人。	图像显示一大片泥地，上面有几堆土。一台黄色压路机正在压实图像中央部分的的地面。在左边，有两个穿着高能见度背心的的工人。在前景的左边，有一个没有戴安全帽的人。
train-00001-of-00007.parquet#4186	reason_zh[0]	R2 硬帽→安全帽	左侧的人没有戴硬帽。	左侧的人没有戴安全帽。
train-00001-of-00007.parquet#4212	reason_zh[0]	R2 硬帽→安全帽	左侧的人没有戴硬帽。	左侧的人没有戴安全帽。
train-00001-of-00007.parquet#4226	reason_zh[0]	R2 硬帽→安全帽	四名工人中没有一人戴着硬帽。	四名工人中没有一人戴着安全帽。
train-00001-of-00007.parquet#4226	reason_zh[1]	R2 硬帽→安全帽	四名工人中没有一人戴着硬帽。	四名工人中没有一人戴着安全帽。
train-00001-of-00007.parquet#4226	reason_zh[2]	R2 硬帽→安全帽	四名工人中没有一人戴着硬帽。	四名工人中没有一人戴着安全帽。
train-00001-of-00007.parquet#4234	reason_zh[0]	R2 硬帽→安全帽	左侧的工人没有戴硬帽。	左侧的工人没有戴安全帽。
train-00001-of-00007.parquet#4242	reason_zh[0]	R2 硬帽→安全帽	中间的工人没有戴硬帽。	中间的工人没有戴安全帽。
train-00001-of-00007.parquet#4250	reason_zh[0]	R2 硬帽→安全帽	左侧的工人没有戴硬帽。	左侧的工人没有戴安全帽。
train-00001-of-00007.parquet#4272	reason_zh[0]	R2 硬帽→安全帽	此人未戴硬帽，也未穿长裤。	此人未戴安全帽，也未穿长裤。
train-00001-of-00007.parquet#4296	reason_zh[0]	R2 硬帽→安全帽	图中没有工人戴着硬帽。	图中没有工人戴着安全帽。
train-00001-of-00007.parquet#4296	reason_zh[1]	R2 硬帽→安全帽	图中没有工人戴着硬帽。	图中没有工人戴着安全帽。
train-00001-of-00007.parquet#4296	reason_zh[2]	R2 硬帽→安全帽	图中没有工人戴着硬帽。	图中没有工人戴着安全帽。
train-00001-of-00007.parquet#4296	reason_zh[3]	R2 硬帽→安全帽	图中没有工人戴着硬帽。	图中没有工人戴着安全帽。
train-00001-of-00007.parquet#4296	reason_zh[4]	R2 硬帽→安全帽	图中没有工人戴着硬帽。	图中没有工人戴着安全帽。
train-00001-of-00007.parquet#4321	reason_zh[0]	R2 硬帽→安全帽	左侧的工人没有戴硬帽。	左侧的工人没有戴安全帽。
train-00001-of-00007.parquet#4327	reason_zh[0]	R2 硬帽→安全帽	中间的工人戴着一顶白色硬帽，穿着短裤。	中间的工人戴着一顶白色安全帽，穿着短裤。
train-00001-of-00007.parquet#4385	reason_zh[0]	R2 硬帽→安全帽	左侧的工人没有戴硬帽，而是戴了一顶草帽。右侧工人的穿的裤子没有盖住他的脚踝。	左侧的工人没有戴安全帽，而是戴了一顶草帽。右侧工人的穿的裤子没有盖住他的脚踝。
train-00001-of-00007.parquet#4448	reason_zh[0]	R2 硬帽→安全帽	左侧的工人没有戴硬帽。	左侧的工人没有戴安全帽。
train-00001-of-00007.parquet#4476	reason_zh[0]	R2 硬帽→安全帽	中间的工人没有戴硬帽。	中间的工人没有戴安全帽。
train-00001-of-00007.parquet#4563	reason_zh[0]	R2 硬帽→安全帽	左侧的工人没有戴硬帽。	左侧的工人没有戴安全帽。
train-00001-of-00007.parquet#4605	reason_zh[0]	R2 硬帽→安全帽	右侧的四名工人戴着草帽，但并非硬帽。	右侧的四名工人戴着草帽，但并非安全帽。
train-00001-of-00007.parquet#4605	reason_zh[1]	R2 硬帽→安全帽	右侧的四名工人戴着草帽，但并非硬帽。	右侧的四名工人戴着草帽，但并非安全帽。
train-00001-of-00007.parquet#4605	reason_zh[2]	R2 硬帽→安全帽	右侧的四名工人戴着草帽，但并非硬帽。	右侧的四名工人戴着草帽，但并非安全帽。
train-00001-of-00007.parquet#4696	reason_zh[0]	R2 硬帽→安全帽	部分中间的工人戴着草帽，但并非硬帽。	部分中间的工人戴着草帽，但并非安全帽。
train-00001-of-00007.parquet#4696	reason_zh[1]	R2 硬帽→安全帽	部分中间的工人戴着草帽，但并非硬帽。	部分中间的工人戴着草帽，但并非安全帽。
train-00001-of-00007.parquet#4696	reason_zh[2]	R2 硬帽→安全帽	部分中间的工人戴着草帽，但并非硬帽。	部分中间的工人戴着草帽，但并非安全帽。
train-00001-of-00007.parquet#4700	reason_zh[0]	R2 硬帽→安全帽	沟槽中的工人戴着一顶草帽，但并非一顶硬帽。	沟槽中的工人戴着一顶草帽，但并非一顶安全帽。
train-00001-of-00007.parquet#4711	reason_zh[0]	R2 硬帽→安全帽	没有工人戴硬帽。	没有工人戴安全帽。
train-00001-of-00007.parquet#4711	reason_zh[1]	R2 硬帽→安全帽	没有工人戴硬帽。	没有工人戴安全帽。
train-00001-of-00007.parquet#4711	reason_zh[2]	R2 硬帽→安全帽	没有工人戴硬帽。	没有工人戴安全帽。
train-00001-of-00007.parquet#4711	reason_zh[3]	R2 硬帽→安全帽	没有工人戴硬帽。	没有工人戴安全帽。
train-00001-of-00007.parquet#4748	reason_zh[0]	R2 硬帽→安全帽	中间的工人没有戴硬帽。	中间的工人没有戴安全帽。
train-00001-of-00007.parquet#4769	caption_zh	R2 硬帽→安全帽	一名身穿迷彩服、头戴红色硬帽的工人正在观察作业。画面中央有两名挖掘机手正积极地进行挖掘和搬运泥土方的作业。	一名身穿迷彩服、头戴红色安全帽的工人正在观察作业。画面中央有两名挖掘机手正积极地进行挖掘和搬运泥土方的作业。
train-00001-of-00007.parquet#4770	reason_zh[0]	R2 硬帽→安全帽	中间的工人没有戴硬帽。	中间的工人没有戴安全帽。
train-00001-of-00007.parquet#4778	reason_zh[0]	R2 硬帽→安全帽	中间的工人戴着白色硬帽，位于挖掘机的作业半径内的盲区。	中间的工人戴着白色安全帽，位于挖掘机的作业半径内的盲区。
train-00001-of-00007.parquet#4788	reason_zh[0]	R2 硬帽→安全帽	中间的工人没有戴硬帽。	中间的工人没有戴安全帽。
train-00001-of-00007.parquet#4816	reason_zh[0]	R2 硬帽→安全帽	左侧的工人没有戴硬帽。	左侧的工人没有戴安全帽。
train-00001-of-00007.parquet#4842	caption_zh	R3 缩写展开(SUV)	画面显示两名工人跪在地上，正在使用工具对看似是导轨轨或轨道进行作业。一辆自卸卡车停在左侧，一辆黑色SUV停在右侧。四名个人站在跪地工人的右侧，，其中三人戴着白色、红色和黄色的安全帽。	画面显示两名工人跪在地上，正在使用工具对看似是导轨轨或轨道进行作业。一辆自卸卡车停在左侧，一辆黑色运动型多用途汽车（SUV，Sport Utility Vehicle）停在右侧。四名个人站在跪地工人的右侧，，其中三人戴着白色、红色和黄色的安全帽。
train-00001-of-00007.parquet#4855	reason_zh[0]	R2 硬帽→安全帽	中间的工人戴着白色硬帽，位于挖掘机的作业半径内的盲区。	中间的工人戴着白色安全帽，位于挖掘机的作业半径内的盲区。
train-00001-of-00007.parquet#4929	reason_zh[0]	R2 硬帽→安全帽	左侧的工人没有戴硬帽。	左侧的工人没有戴安全帽。
train-00001-of-00007.parquet#4952	reason_zh[0]	R2 硬帽→安全帽	右侧的工人没有戴硬帽，而是戴了一顶草帽。	右侧的工人没有戴安全帽，而是戴了一顶草帽。
train-00001-of-00007.parquet#4956	reason_zh[0]	R2 硬帽→安全帽	中间的工人没有戴硬帽。	中间的工人没有戴安全帽。
train-00001-of-00007.parquet#4997	reason_zh[0]	R2 硬帽→安全帽	中间的工人没有戴硬帽。	中间的工人没有戴安全帽。
train-00002-of-00007.parquet#5025	reason_zh[0]	R2 硬帽→安全帽	中间的工人没有戴硬帽。	中间的工人没有戴安全帽。
train-00002-of-00007.parquet#5045	reason_zh[0]	R2 硬帽→安全帽	中间的工人没有戴硬帽。	中间的工人没有戴安全帽。
train-00002-of-00007.parquet#5073	reason_zh[0]	R2 硬帽→安全帽	中间蹲着的的女工未戴硬帽。戴红色硬帽的女工穿着短裤。	中间蹲着的的女工未戴安全帽。戴红色安全帽的女工穿着短裤。
train-00002-of-00007.parquet#5114	reason_zh[0]	R2 硬帽→安全帽	左侧的工人没有戴硬帽。	左侧的工人没有戴安全帽。
train-00002-of-00007.parquet#5114	reason_zh[1]	R2 硬帽→安全帽	戴白色硬帽的工人在挖掘机的工作半径内，位于盲点处。	戴白色安全帽的工人在挖掘机的工作半径内，位于盲点处。
train-00002-of-00007.parquet#5199	reason_zh[0]	R2 硬帽→安全帽	左侧的工人没有戴硬帽。	左侧的工人没有戴安全帽。
train-00002-of-00007.parquet#5217	reason_zh[0]	R2 硬帽→安全帽	左侧的工人没有戴硬帽。	左侧的工人没有戴安全帽。
train-00002-of-00007.parquet#5251	reason_zh[0]	R2 硬帽→安全帽	中间的工人没有戴硬帽。	中间的工人没有戴安全帽。
train-00002-of-00007.parquet#5313	reason_zh[0]	R2 硬帽→安全帽	两名工人在伞下没有硬帽。左边两名工人没有长裤。	两名工人在伞下没有安全帽。左边两名工人没有长裤。
train-00002-of-00007.parquet#5313	reason_zh[1]	R2 硬帽→安全帽	两名工人在伞下没有硬帽。左边两名工人没有长裤。	两名工人在伞下没有安全帽。左边两名工人没有长裤。
train-00002-of-00007.parquet#5341	reason_zh[0]	R2 硬帽→安全帽	左侧的工人没有戴硬帽。	左侧的工人没有戴安全帽。
train-00002-of-00007.parquet#5354	reason_zh[0]	R2 硬帽→安全帽	中间的工人没有戴硬帽。	中间的工人没有戴安全帽。
train-00002-of-00007.parquet#5374	reason_zh[0]	R2 硬帽→安全帽	工人坐在中间，没有戴硬帽。	工人坐在中间，没有戴安全帽。
train-00002-of-00007.parquet#5375	reason_zh[0]	R2 硬帽→安全帽	左侧的工人没有戴硬帽。	左侧的工人没有戴安全帽。
train-00002-of-00007.parquet#5397	reason_zh[0]	R2 硬帽→安全帽	中间的工人没有硬帽。	中间的工人没有安全帽。
train-00002-of-00007.parquet#5410	reason_zh[0]	R2 硬帽→安全帽	左侧的工人没有戴硬帽。	左侧的工人没有戴安全帽。
train-00002-of-00007.parquet#5467	reason_zh[0]	R2 硬帽→安全帽	中间的工人没有戴硬帽。	中间的工人没有戴安全帽。
train-00002-of-00007.parquet#5523	reason_zh[0]	R2 硬帽→安全帽	中间的工人没有戴硬帽。	中间的工人没有戴安全帽。
train-00002-of-00007.parquet#5562	reason_zh[0]	R2 硬帽→安全帽	左侧的工人没有戴硬帽。	左侧的工人没有戴安全帽。
train-00002-of-00007.parquet#5655	reason_zh[0]	R2 硬帽→安全帽	该工人坐在中间，没有戴硬帽。	该工人坐在中间，没有戴安全帽。
train-00002-of-00007.parquet#5664	reason_zh[0]	R2 硬帽→安全帽	右侧的工人没有戴硬帽。	右侧的工人没有戴安全帽。
train-00002-of-00007.parquet#5681	reason_zh[0]	R2 硬帽→安全帽	工人戴着一顶草帽，但并非一顶硬帽。	工人戴着一顶草帽，但并非一顶安全帽。
train-00002-of-00007.parquet#5702	reason_zh[0]	R2 硬帽→安全帽	左侧的工人没有戴硬帽。	左侧的工人没有戴安全帽。
train-00002-of-00007.parquet#5778	reason_zh[0]	R2 硬帽→安全帽	中间的工人没有戴硬帽。	中间的工人没有戴安全帽。
train-00002-of-00007.parquet#5806	reason_zh[0]	R2 硬帽→安全帽	右侧的工人没有戴硬帽，而是戴了一顶草帽。	右侧的工人没有戴安全帽，而是戴了一顶草帽。
train-00002-of-00007.parquet#5836	reason_zh[0]	R2 硬帽→安全帽	两名工人在夜间作业时没有高可视性背心。两名工人没有硬帽。左侧工人没有穿一条长裤。	两名工人在夜间作业时没有高可视性背心。两名工人没有安全帽。左侧工人没有穿一条长裤。
train-00002-of-00007.parquet#5836	reason_zh[1]	R2 硬帽→安全帽	两名工人在夜间作业时没有高可视性背心。两名工人没有硬帽。左侧工人没有穿一条长裤。	两名工人在夜间作业时没有高可视性背心。两名工人没有安全帽。左侧工人没有穿一条长裤。
train-00002-of-00007.parquet#5935	reason_zh[0]	R2 硬帽→安全帽	中间的那名工人没有戴硬帽。左边的那名工人穿着一双短裤。	中间的那名工人没有戴安全帽。左边的那名工人穿着一双短裤。
train-00002-of-00007.parquet#5935	reason_zh[1]	R2 硬帽→安全帽	中间的那名工人没有戴硬帽。左边的那名工人穿着一双短裤。	中间的那名工人没有戴安全帽。左边的那名工人穿着一双短裤。
train-00002-of-00007.parquet#5935	reason_zh[2]	R2 硬帽→安全帽	中间的那名工人没有戴硬帽。左边的那名工人穿着一双短裤。	中间的那名工人没有戴安全帽。左边的那名工人穿着一双短裤。
train-00002-of-00007.parquet#5940	reason_zh[0]	R2 硬帽→安全帽	中间的工人没有戴硬帽。	中间的工人没有戴安全帽。
train-00002-of-00007.parquet#6003	reason_zh[0]	R2 硬帽→安全帽	左侧的工人没有戴硬帽。	左侧的工人没有戴安全帽。
train-00002-of-00007.parquet#6006	reason_zh[0]	R2 硬帽→安全帽	戴白色硬帽的工人站在盲点内，位于挖掘机的操作半径中。	戴白色安全帽的工人站在盲点内，位于挖掘机的操作半径中。
train-00002-of-00007.parquet#6008	reason_zh[0]	R2 硬帽→安全帽	左侧蹲着的人没有戴硬帽。	左侧蹲着的人没有戴安全帽。
train-00003-of-00007.parquet#6012	reason_zh[0]	R2 硬帽→安全帽	中间的工人没有戴硬帽。	中间的工人没有戴安全帽。
train-00003-of-00007.parquet#6030	reason_zh[0]	R2 硬帽→安全帽	中间的工人没有戴硬帽。	中间的工人没有戴安全帽。
train-00003-of-00007.parquet#6038	caption_zh	R3 缩写展开(XCMG)	图中显示三名人员站在一台黄色挖掘机旁，该挖掘机侧面印有“XCMG”品牌标识。挖掘机停放在泥土地面上，其铲斗放置在地面上。这些人似乎正在参与一场讨论。	图中显示三名人员站在一台黄色挖掘机旁，该挖掘机侧面印有“徐工集团（XCMG，Xuzhou Construction Machinery Group）”品牌标识。挖掘机停放在泥土地面上，其铲斗放置在地面上。这些人似乎正在参与一场讨论。
train-00003-of-00007.parquet#6038	reason_zh[0]	R2 硬帽→安全帽	左侧的工人没有戴硬帽。	左侧的工人没有戴安全帽。
train-00003-of-00007.parquet#6072	reason_zh[0]	R2 硬帽→安全帽	左侧的工人没有戴硬帽。	左侧的工人没有戴安全帽。
train-00003-of-00007.parquet#6076	reason_zh[0]	R2 硬帽→安全帽	中间的工人没有戴硬帽。	中间的工人没有戴安全帽。
train-00003-of-00007.parquet#6163	reason_zh[0]	R2 硬帽→安全帽	工人戴着一顶草帽，但并非一顶硬帽。	工人戴着一顶草帽，但并非一顶安全帽。
train-00003-of-00007.parquet#6176	reason_zh[0]	R2 硬帽→安全帽	戴白色硬帽的工人位于挖掘机的作业半径内的盲点处。	戴白色安全帽的工人位于挖掘机的作业半径内的盲点处。
train-00003-of-00007.parquet#6209	caption_zh	R2 硬帽→安全帽	图像显示一个建筑工地，有四名工人和一台挖掘机。挖掘机位于图像的左侧，其臂架横跨在一堆碎石上方。两名工人站在挖掘机附近，其中一人正朝右方行走，另一人则站在更靠右的位置，他们全都位于一条土路上。这些工人穿着便服装和硬帽。	图像显示一个建筑工地，有四名工人和一台挖掘机。挖掘机位于图像的左侧，其臂架横跨在一堆碎石上方。两名工人站在挖掘机附近，其中一人正朝右方行走，另一人则站在更靠右的位置，他们全都位于一条土路上。这些工人穿着便服装和安全帽。
train-00003-of-00007.parquet#6225	caption_zh	R2 硬帽→安全帽	图像显示一个建筑工地，中心位置有一台蓝色Kobelco SK200挖掘机，停放在抬高的土台上。挖掘机的铲斗装满泥土，表明挖掘工作正在进行中。在左边，一名工人戴着蓝色硬帽和安全背心站在地面上，观察着挖掘机或工地。在黄色安全屏障后面，多层住宅建筑可以被看到，表明建筑工地是在城市区域。	图像显示一个建筑工地，中心位置有一台蓝色Kobelco SK200挖掘机，停放在抬高的土台上。挖掘机的铲斗装满泥土，表明挖掘工作正在进行中。在左边，一名工人戴着蓝色安全帽和安全背心站在地面上，观察着挖掘机或工地。在黄色安全屏障后面，多层住宅建筑可以被看到，表明建筑工地是在城市区域。
train-00003-of-00007.parquet#6234	reason_zh[0]	R2 硬帽→安全帽	中间的工人没有戴硬帽。	中间的工人没有戴安全帽。
train-00003-of-00007.parquet#6236	reason_zh[0]	R2 硬帽→安全帽	中间的工人没有戴硬帽。	中间的工人没有戴安全帽。
train-00003-of-00007.parquet#6262	reason_zh[0]	R2 硬帽→安全帽	左侧的工人没有戴硬帽。	左侧的工人没有戴安全帽。
train-00003-of-00007.parquet#6347	reason_zh[0]	R2 硬帽→安全帽	左侧的工人没有戴硬帽。	左侧的工人没有戴安全帽。
train-00003-of-00007.parquet#6367	reason_zh[0]	R2 硬帽→安全帽	中间的工人没有戴硬帽。	中间的工人没有戴安全帽。
train-00003-of-00007.parquet#6405	reason_zh[0]	R2 硬帽→安全帽	中间那个人没戴硬帽。	中间那个人没戴安全帽。
train-00003-of-00007.parquet#6502	reason_zh[0]	R2 硬帽→安全帽	中间的工人没有戴硬帽，穿着短裤和拖鞋凉鞋。	中间的工人没有戴安全帽，穿着短裤和拖鞋凉鞋。
train-00003-of-00007.parquet#6517	reason_zh[0]	R2 硬帽→安全帽	工人戴着一顶草帽，但并非一顶硬帽。	工人戴着一顶草帽，但并非一顶安全帽。
train-00003-of-00007.parquet#6519	reason_zh[0]	R2 硬帽→安全帽	中间的工人没有戴硬帽。	中间的工人没有戴安全帽。
train-00003-of-00007.parquet#6557	reason_zh[0]	R2 硬帽→安全帽	左侧的工人没有戴硬帽。	左侧的工人没有戴安全帽。
train-00003-of-00007.parquet#6608	reason_zh[0]	R2 硬帽→安全帽	中间的工人没有戴硬帽。	中间的工人没有戴安全帽。
train-00003-of-00007.parquet#6676	reason_zh[0]	R2 硬帽→安全帽	戴红色硬帽的工人位于挖掘机的作业半径内的盲点处。	戴红色安全帽的工人位于挖掘机的作业半径内的盲点处。
train-00003-of-00007.parquet#6692	reason_zh[0]	R2 硬帽→安全帽	中间的工人没有硬帽。	中间的工人没有安全帽。
train-00003-of-00007.parquet#6736	caption_zh	R2 硬帽→安全帽	画面显示三名工人站在施工场地的土路上，其中一人面向镜头，另外两人望向着一片大型开挖区域。他们穿着便服和硬帽。右侧有一台黄色挖掘机，上面印着“XCMG”的品牌，停在路上。	画面显示三名工人站在施工场地的土路上，其中一人面向镜头，另外两人望向着一片大型开挖区域。他们穿着便服和安全帽。右侧有一台黄色挖掘机，上面印着“徐工集团（XCMG，Xuzhou Construction Machinery Group）”的品牌，停在路上。
train-00003-of-00007.parquet#6736	reason_zh[0]	R2 硬帽→安全帽	左侧的工人没有戴硬帽。	左侧的工人没有戴安全帽。
train-00003-of-00007.parquet#6877	reason_zh[0]	R2 硬帽→安全帽	右侧的工人没有戴硬帽，但戴着一顶帽子。	右侧的工人没有戴安全帽，但戴着一顶帽子。
train-00003-of-00007.parquet#6972	caption_zh	R3 缩写展开(XCMG)	图中显示四名人员站在一台黄色挖掘机旁，该挖掘机侧面印有“XCMG”品牌标识。挖掘机停在一处泥土地面上，附近有一堆碎石。	图中显示四名人员站在一台黄色挖掘机旁，该挖掘机侧面印有“徐工集团（XCMG，Xuzhou Construction Machinery Group）”品牌标识。挖掘机停在一处泥土地面上，附近有一堆碎石。
train-00003-of-00007.parquet#6973	reason_zh[0]	R2 硬帽→安全帽	中间的工人没有戴硬帽。	中间的工人没有戴安全帽。
train-00004-of-00007.parquet#7021	reason_zh[0]	R2 硬帽→安全帽	左侧的工人没有戴硬帽。	左侧的工人没有戴安全帽。
train-00004-of-00007.parquet#7029	reason_zh[0]	R2 硬帽→安全帽	左侧的工人没有戴硬帽。	左侧的工人没有戴安全帽。
train-00004-of-00007.parquet#7042	reason_zh[0]	R2 硬帽→安全帽	戴白色硬帽的工人穿着短裤。	戴白色安全帽的工人穿着短裤。
train-00004-of-00007.parquet#7071	reason_zh[0]	R2 硬帽→安全帽	左侧的工人没有戴硬帽。	左侧的工人没有戴安全帽。
train-00004-of-00007.parquet#7071	reason_zh[1]	R2 硬帽→安全帽	左侧的工人没有戴硬帽。	左侧的工人没有戴安全帽。
train-00004-of-00007.parquet#7094	reason_zh[0]	R2 硬帽→安全帽	左侧的工人没有戴硬帽。	左侧的工人没有戴安全帽。
train-00004-of-00007.parquet#7103	reason_zh[0]	R2 硬帽→安全帽	中间的工人没有戴硬帽。	中间的工人没有戴安全帽。
train-00004-of-00007.parquet#7149	reason_zh[0]	R2 硬帽→安全帽	没有人戴硬帽。	没有人戴安全帽。
train-00004-of-00007.parquet#7149	reason_zh[1]	R2 硬帽→安全帽	没有人戴硬帽。	没有人戴安全帽。
train-00004-of-00007.parquet#7149	reason_zh[2]	R2 硬帽→安全帽	没有人戴硬帽。	没有人戴安全帽。
train-00004-of-00007.parquet#7149	reason_zh[3]	R2 硬帽→安全帽	没有人戴硬帽。	没有人戴安全帽。
train-00004-of-00007.parquet#7177	reason_zh[0]	R2 硬帽→安全帽	蓝色卡车上的人没有戴硬帽。	蓝色卡车上的人没有戴安全帽。
train-00004-of-00007.parquet#7220	reason_zh[0]	R2 硬帽→安全帽	中间的工人没有戴硬帽。	中间的工人没有戴安全帽。
train-00004-of-00007.parquet#7232	reason_zh[0]	R2 硬帽→安全帽	中间的工人没有戴硬帽。	中间的工人没有戴安全帽。
train-00004-of-00007.parquet#7242	reason_zh[0]	R2 硬帽→安全帽	戴白色硬帽的工人位于挖掘机作业半径的后部。	戴白色安全帽的工人位于挖掘机作业半径的后部。
train-00004-of-00007.parquet#7260	reason_zh[0]	R2 硬帽→安全帽	中间的工人没有戴硬帽。	中间的工人没有戴安全帽。
train-00004-of-00007.parquet#7311	reason_zh[0]	R2 硬帽→安全帽	戴白色硬帽的工人位于挖掘机的作业半径内的盲点处。	戴白色安全帽的工人位于挖掘机的作业半径内的盲点处。
train-00004-of-00007.parquet#7344	reason_zh[0]	R2 硬帽→安全帽	左侧的工人没有戴硬帽。	左侧的工人没有戴安全帽。
train-00004-of-00007.parquet#7358	reason_zh[0]	R2同源 残留英文/错译	formwork 的工人未佩戴安全帽。	模板（formwork）上的工人未佩戴安全帽。
train-00004-of-00007.parquet#7358	reason_zh[1]	R2同源 残留英文/错译	formwork 的工人未佩戴安全帽。	模板（formwork）上的工人未佩戴安全帽。
train-00004-of-00007.parquet#7358	reason_zh[2]	R2同源 残留英文/错译	formwork 的工人未佩戴安全帽。	模板（formwork）上的工人未佩戴安全帽。
train-00004-of-00007.parquet#7358	reason_zh[3]	R2同源 残留英文/错译	formwork 的工人未佩戴安全帽。	模板（formwork）上的工人未佩戴安全帽。
train-00004-of-00007.parquet#7358	reason_zh[4]	R2同源 残留英文/错译	formwork 的工人未佩戴安全帽。	模板（formwork）上的工人未佩戴安全帽。
train-00004-of-00007.parquet#7398	reason_zh[0]	R2 硬帽→安全帽	中间的工人没有戴硬帽。	中间的工人没有戴安全帽。
train-00004-of-00007.parquet#7398	reason_zh[1]	R2 硬帽→安全帽	中间的工人没有戴硬帽。	中间的工人没有戴安全帽。
train-00004-of-00007.parquet#7439	reason_zh[0]	R2 硬帽→安全帽	左侧的工人没有戴硬帽。	左侧的工人没有戴安全帽。
train-00004-of-00007.parquet#7445	reason_zh[0]	R2 硬帽→安全帽	左侧的工人没有戴硬帽。	左侧的工人没有戴安全帽。
train-00004-of-00007.parquet#7449	reason_zh[0]	R2 硬帽→安全帽	中间的工人没有戴硬帽。	中间的工人没有戴安全帽。
train-00004-of-00007.parquet#7454	reason_zh[0]	R2 硬帽→安全帽	中间的工人没有戴硬帽。	中间的工人没有戴安全帽。
train-00004-of-00007.parquet#7486	reason_zh[0]	R2 硬帽→安全帽	中间的工人没有戴硬帽。	中间的工人没有戴安全帽。
train-00004-of-00007.parquet#7515	reason_zh[0]	R2 硬帽→安全帽	左侧的工人没有戴硬帽。	左侧的工人没有戴安全帽。
train-00004-of-00007.parquet#7586	reason_zh[0]	R2 硬帽→安全帽	中间的工人没有戴硬帽。	中间的工人没有戴安全帽。
train-00004-of-00007.parquet#7600	reason_zh[0]	R2 硬帽→安全帽	中间的工人没有戴硬帽。	中间的工人没有戴安全帽。
train-00004-of-00007.parquet#7687	reason_zh[0]	R2 硬帽→安全帽	中间的工人没有戴硬帽。	中间的工人没有戴安全帽。
train-00004-of-00007.parquet#7706	reason_zh[0]	R2 硬帽→安全帽	中间的工人没有戴硬帽。	中间的工人没有戴安全帽。
train-00004-of-00007.parquet#7707	reason_zh[0]	R2 硬帽→安全帽	中间的工人没有戴硬帽。	中间的工人没有戴安全帽。
train-00004-of-00007.parquet#7719	caption_zh	R3 缩写展开(XCMG)	图中显示一台黄色推土机，其表面带有“XCMG”标志，位于泥地上，旁边有两人站立，均佩戴安全帽，并正在参与讨论。	图中显示一台黄色推土机，其表面带有“徐工集团（XCMG，Xuzhou Construction Machinery Group）”标志，位于泥地上，旁边有两人站立，均佩戴安全帽，并正在参与讨论。
train-00004-of-00007.parquet#7794	reason_zh[0]	R2 硬帽→安全帽	右侧的工人没有戴硬帽。两名工人在夜间作业时均未穿着高能见度背心。	右侧的工人没有戴安全帽。两名工人在夜间作业时均未穿着高能见度背心。
train-00004-of-00007.parquet#7794	reason_zh[1]	R2 硬帽→安全帽	右侧的工人没有戴硬帽。两名工人在夜间作业时均未穿着高能见度背心。	右侧的工人没有戴安全帽。两名工人在夜间作业时均未穿着高能见度背心。
train-00004-of-00007.parquet#7826	reason_zh[0]	R2 硬帽→安全帽	中间的工人没有戴硬帽。	中间的工人没有戴安全帽。
train-00004-of-00007.parquet#7843	reason_zh[0]	R2 硬帽→安全帽	中间的工人没有戴硬帽。	中间的工人没有戴安全帽。
train-00004-of-00007.parquet#7851	reason_zh[0]	R2 硬帽→安全帽	左侧的工人没有戴硬帽。	左侧的工人没有戴安全帽。
train-00004-of-00007.parquet#7860	reason_zh[0]	R2 硬帽→安全帽	右侧靠近轿车的工人没有戴硬帽。	右侧靠近轿车的工人没有戴安全帽。
train-00004-of-00007.parquet#7865	reason_zh[0]	R2 硬帽→安全帽	中间的工人没有戴硬帽。	中间的工人没有戴安全帽。
train-00004-of-00007.parquet#7896	reason_zh[0]	R2 硬帽→安全帽	左侧的工人没有戴硬帽。	左侧的工人没有戴安全帽。
train-00004-of-00007.parquet#7910	reason_zh[0]	R2 硬帽→安全帽	左侧的工人没有戴硬帽。	左侧的工人没有戴安全帽。
train-00004-of-00007.parquet#7919	reason_zh[0]	R2 硬帽→安全帽	左侧的工人没有戴硬帽。	左侧的工人没有戴安全帽。
train-00004-of-00007.parquet#7926	reason_zh[0]	R2 硬帽→安全帽	左侧的工人没有戴硬帽。	左侧的工人没有戴安全帽。
train-00004-of-00007.parquet#7931	reason_zh[0]	R2 硬帽→安全帽	左侧的工人没有戴硬帽。	左侧的工人没有戴安全帽。
train-00005-of-00007.parquet#8021	reason_zh[0]	R2 硬帽→安全帽	左侧的工人没有戴硬帽。	左侧的工人没有戴安全帽。
train-00005-of-00007.parquet#8061	reason_zh[0]	R2 硬帽→安全帽	中间的工人没有戴硬帽。	中间的工人没有戴安全帽。
train-00005-of-00007.parquet#8123	caption_zh	R2 硬帽→安全帽	八名工人头戴橙色安全帽，脚穿黄色硬帽，分散在一块大型混凝土板上，部分人照料表面，另一些人则横穿其上。沿板边缘，钢筋条部分组装成框架。临时挡土墙支撑着两侧开挖的土方，而在远处，工业结构清晰可见于施工场地之外。	八名工人头戴橙色安全帽，脚穿黄色安全帽，分散在一块大型混凝土板上，部分人照料表面，另一些人则横穿其上。沿板边缘，钢筋条部分组装成框架。临时挡土墙支撑着两侧开挖的土方，而在远处，工业结构清晰可见于施工场地之外。
train-00005-of-00007.parquet#8223	reason_zh[0]	R2 硬帽→安全帽	右侧戴白色硬帽的工人位于蓝色挖掘机的操作半径内的盲点处。	右侧戴白色安全帽的工人位于蓝色挖掘机的操作半径内的盲点处。
train-00005-of-00007.parquet#8319	reason_zh[0]	R2 硬帽→安全帽	左侧的工人没有戴硬帽，而是戴了一顶草帽。	左侧的工人没有戴安全帽，而是戴了一顶草帽。
train-00005-of-00007.parquet#8398	reason_zh[0]	R2 硬帽→安全帽	中间的工人没有戴硬帽。	中间的工人没有戴安全帽。
train-00005-of-00007.parquet#8442	reason_zh[0]	R2 硬帽→安全帽	中间的工人没有戴硬帽。	中间的工人没有戴安全帽。
train-00005-of-00007.parquet#8451	reason_zh[0]	R2 硬帽→安全帽	左侧的工人没有戴硬帽。	左侧的工人没有戴安全帽。
train-00005-of-00007.parquet#8536	reason_zh[0]	R2 硬帽→安全帽	左侧的工人没有戴硬帽。	左侧的工人没有戴安全帽。
train-00005-of-00007.parquet#8558	caption_zh	R3 缩写展开(SUV)	画面中，两名人员正在建筑材料间行走，其中包括钢筋和木托盘，附近停着一辆黑色SUV。在画面中部，身穿红色安全背心的的工人正在一台黄色推土机和机械设备周围活动。背景中可见一座正在施工的大型建筑，带有脚手架和塔式起重机。	画面中，两名人员正在建筑材料间行走，其中包括钢筋和木托盘，附近停着一辆黑色运动型多用途汽车（SUV，Sport Utility Vehicle）。在画面中部，身穿红色安全背心的的工人正在一台黄色推土机和机械设备周围活动。背景中可见一座正在施工的大型建筑，带有脚手架和塔式起重机。
train-00005-of-00007.parquet#8558	reason_zh[0]	R2 硬帽→安全帽	中间那个人没戴硬帽。	中间那个人没戴安全帽。
train-00005-of-00007.parquet#8558	reason_zh[1]	R2 硬帽→安全帽	中间那个人没戴硬帽。	中间那个人没戴安全帽。
train-00005-of-00007.parquet#8574	reason_zh[0]	R2 硬帽→安全帽	中间的工人没有戴硬帽。	中间的工人没有戴安全帽。
train-00005-of-00007.parquet#8595	reason_zh[0]	R2 硬帽→安全帽	左侧的工人没有戴硬帽。	左侧的工人没有戴安全帽。
train-00005-of-00007.parquet#8597	reason_zh[0]	R2 硬帽→安全帽	中间的工人没有戴硬帽。	中间的工人没有戴安全帽。
train-00005-of-00007.parquet#8621	reason_zh[0]	R2 硬帽→安全帽	左侧的工人没有戴硬帽。	左侧的工人没有戴安全帽。
train-00005-of-00007.parquet#8624	reason_zh[0]	R2 硬帽→安全帽	左侧的工人没有戴硬帽。	左侧的工人没有戴安全帽。
train-00005-of-00007.parquet#8647	reason_zh[0]	R2 硬帽→安全帽	左侧的工人没有戴硬帽。	左侧的工人没有戴安全帽。
train-00005-of-00007.parquet#8808	reason_zh[0]	R2 硬帽→安全帽	中间的工人没有戴硬帽。	中间的工人没有戴安全帽。
train-00005-of-00007.parquet#8877	reason_zh[0]	R2 硬帽→安全帽	中间的工人没有戴硬帽。	中间的工人没有戴安全帽。
train-00005-of-00007.parquet#8944	reason_zh[0]	R2 硬帽→安全帽	中间的工人没有戴硬帽。	中间的工人没有戴安全帽。
train-00005-of-00007.parquet#8948	reason_zh[0]	R2 硬帽→安全帽	左上方的工人穿着短裤，没有戴硬帽。	左上方的工人穿着短裤，没有戴安全帽。
train-00005-of-00007.parquet#8979	reason_zh[0]	R2 硬帽→安全帽	中间的工人没有戴硬帽。	中间的工人没有戴安全帽。
train-00005-of-00007.parquet#8992	reason_zh[0]	R2 硬帽→安全帽	左侧的工人没有戴硬帽。	左侧的工人没有戴安全帽。
train-00006-of-00007.parquet#9021	reason_zh[0]	R2 硬帽→安全帽	中间的工人没有戴硬帽。	中间的工人没有戴安全帽。
train-00006-of-00007.parquet#9054	reason_zh[0]	R2 硬帽→安全帽	左侧的工人没有戴硬帽。	左侧的工人没有戴安全帽。
train-00006-of-00007.parquet#9139	reason_zh[0]	R2 硬帽→安全帽	左侧的工人没有戴硬帽。	左侧的工人没有戴安全帽。
train-00006-of-00007.parquet#9154	reason_zh[0]	R2 硬帽→安全帽	中间的工人没有戴硬帽。	中间的工人没有戴安全帽。
train-00006-of-00007.parquet#9168	reason_zh[0]	R2 硬帽→安全帽	左侧的工人没有戴硬帽。	左侧的工人没有戴安全帽。
train-00006-of-00007.parquet#9173	reason_zh[0]	R2 硬帽→安全帽	左侧的工人没有戴硬帽。	左侧的工人没有戴安全帽。
train-00006-of-00007.parquet#9175	reason_zh[0]	R2 硬帽→安全帽	左侧的工人没有戴硬帽。	左侧的工人没有戴安全帽。
train-00006-of-00007.parquet#9187	reason_zh[0]	R2 硬帽→安全帽	左侧的工人没有戴硬帽。	左侧的工人没有戴安全帽。
train-00006-of-00007.parquet#9229	reason_zh[0]	R2 硬帽→安全帽	中间的工人没有戴硬帽。	中间的工人没有戴安全帽。
train-00006-of-00007.parquet#9312	reason_zh[0]	R2 硬帽→安全帽	左侧的工人没有戴硬帽。	左侧的工人没有戴安全帽。
train-00006-of-00007.parquet#9315	reason_zh[0]	R2 硬帽→安全帽	左侧的工人没有戴硬帽。	左侧的工人没有戴安全帽。
train-00006-of-00007.parquet#9328	reason_zh[0]	R2 硬帽→安全帽	中间的工人没有戴硬帽。	中间的工人没有戴安全帽。
train-00006-of-00007.parquet#9355	reason_zh[0]	R2 硬帽→安全帽	中间的工人没有戴硬帽。	中间的工人没有戴安全帽。
train-00006-of-00007.parquet#9355	reason_zh[1]	R2 硬帽→安全帽	中间的工人没有戴硬帽。	中间的工人没有戴安全帽。
train-00006-of-00007.parquet#9387	reason_zh[0]	R2 硬帽→安全帽	中间的工人没有戴硬帽。	中间的工人没有戴安全帽。
train-00006-of-00007.parquet#9402	caption_zh	R2 硬帽→安全帽	图片显示一个建筑工地，五名工人穿着安全背心和硬帽子。两个工人站在大型钢筋网格结构的地面上，其中一个拿着软管，可能从事混凝土养护或清洁活动。现场周围散落着多堆建筑材料，包括钢筋和木托盘。挖掘现场被板状物包围，并且到处都有站立水。在背景中，有建筑物和蓝色围栏，表明建筑工地靠近一个发达区域。	图片显示一个建筑工地，五名工人穿着安全背心和安全帽。两个工人站在大型钢筋网格结构的地面上，其中一个拿着软管，可能从事混凝土养护或清洁活动。现场周围散落着多堆建筑材料，包括钢筋和木托盘。挖掘现场被板状物包围，并且到处都有站立水。在背景中，有建筑物和蓝色围栏，表明建筑工地靠近一个发达区域。
train-00006-of-00007.parquet#9499	reason_zh[0]	R2 硬帽→安全帽	中间的工人没有戴硬帽。	中间的工人没有戴安全帽。
train-00006-of-00007.parquet#9580	reason_zh[0]	R2 硬帽→安全帽	中间的工人没有戴硬帽。	中间的工人没有戴安全帽。
train-00006-of-00007.parquet#9622	reason_zh[0]	R2 硬帽→安全帽	中间的工人没有戴硬帽。	中间的工人没有戴安全帽。
train-00006-of-00007.parquet#9630	reason_zh[0]	R2 硬帽→安全帽	中间的工人戴的是草帽，而不是硬帽。	中间的工人戴的是草帽，而不是安全帽。
train-00006-of-00007.parquet#9630	reason_zh[1]	R2 硬帽→安全帽	中间的工人戴的是草帽，而不是硬帽。	中间的工人戴的是草帽，而不是安全帽。
train-00006-of-00007.parquet#9665	reason_zh[0]	R2 硬帽→安全帽	中间的工人没有戴硬帽。	中间的工人没有戴安全帽。
train-00006-of-00007.parquet#9675	reason_zh[0]	R2 硬帽→安全帽	左侧的工人没有戴硬帽。	左侧的工人没有戴安全帽。
train-00006-of-00007.parquet#9676	reason_zh[0]	R2 硬帽→安全帽	中间的工人没有硬帽。	中间的工人没有安全帽。
train-00006-of-00007.parquet#9702	caption_zh	R2 硬帽→安全帽	图像显示，在紧邻一处建筑工地的铺装路面上，有四个人。其中三人站立着，似乎正在参与讨论或观察，而第四人则坐在一台带轮的设备上，该设备可能是一台抹光机或一辆手推车。这四个人全都穿着便服装，其中一人手里拿着一顶白色硬帽。	图像显示，在紧邻一处建筑工地的铺装路面上，有四个人。其中三人站立着，似乎正在参与讨论或观察，而第四人则坐在一台带轮的设备上，该设备可能是一台抹光机或一辆手推车。这四个人全都穿着便服装，其中一人手里拿着一顶白色安全帽。
train-00006-of-00007.parquet#9702	reason_zh[0]	R2 硬帽→安全帽	左侧的工人没有戴硬帽。	左侧的工人没有戴安全帽。
train-00006-of-00007.parquet#9726	reason_zh[0]	R2 硬帽→安全帽	左侧的工人没有戴硬帽。	左侧的工人没有戴安全帽。
train-00006-of-00007.parquet#9911	caption_zh	拼写/断词	图片显示，九名个体聚集在一处建筑工地。其中八人佩戴安全帽，七顶为红色，一顶为黄色，他们似乎正在从第九人那里接收指示或信息，此人手持一张纸页。他们站在一条土路上，可见轮胎痕迹。在群体后方，有一台橙色挖掘机，其侧面印有“DOOSan”品牌标识。	图片显示，九名个体聚集在一处建筑工地。其中八人佩戴安全帽，七顶为红色，一顶为黄色，他们似乎正在从第九人那里接收指示或信息，此人手持一张纸页。他们站在一条土路上，可见轮胎痕迹。在群体后方，有一台橙色挖掘机，其侧面印有“Doosan”品牌标识。
train-00006-of-00007.parquet#9919	caption_zh	R3 缩写展开(SUV)	画面显示，在一条紧邻开挖区域（露出红土）的土路上有三个人。其中两人正在往一个白色袋子里装土，一人使用铁锹，另一人则在一旁观看。画面右侧停着一辆SUV，其车牌部分被遮挡。环境看起来是乡村，背景中有植被。	画面显示，在一条紧邻开挖区域（露出红土）的土路上有三个人。其中两人正在往一个白色袋子里装土，一人使用铁锹，另一人则在一旁观看。画面右侧停着一辆运动型多用途汽车（SUV，Sport Utility Vehicle），其车牌部分被遮挡。环境看起来是乡村，背景中有植被。
train-00006-of-00007.parquet#9919	reason_zh[0]	R2 硬帽→安全帽	没有工人戴着硬帽。右边的工人戴着草帽穿着短裤。	没有工人戴着安全帽。右边的工人戴着草帽穿着短裤。
train-00006-of-00007.parquet#9919	reason_zh[1]	R2 硬帽→安全帽	没有工人戴着硬帽。右边的工人戴着草帽穿着短裤。	没有工人戴着安全帽。右边的工人戴着草帽穿着短裤。
train-00006-of-00007.parquet#9919	reason_zh[2]	R2 硬帽→安全帽	没有工人戴着硬帽。右边的工人戴着草帽穿着短裤。	没有工人戴着安全帽。右边的工人戴着草帽穿着短裤。
train-00006-of-00007.parquet#9924	reason_zh[0]	R2 硬帽→安全帽	左下方的人没有戴硬帽。	左下方的人没有戴安全帽。
